﻿<?xml version="1.0" encoding="utf-8"?>
<ModMetaData>
<name> RimOut: NCR uniforms </name>
<author> Tracker_Tracker </author>
<supportedVersions><li>1.0</li></supportedVersions>
<url></url>
<description>
Introducing RimOut, my NCR Uniform pack.

This is my custom mod pack for Rimworld adding NCR uniforms into the game.


------------What?------------

Adds:
***** Head *****
-> NCR beret
-> NCR beret (First Recon)
-> General Oliver Cap
-> NCR helmet
-> NCR helmet (MP)
-> NCR Ranger helmet
-> NCR Ranger Hat
-> NCR Salvage Power Armour helmet

***** clothing *****
///(all body types)///
-> NCR uniform 
-> NCR uniform (MP)
-> General Oliver uniform 
-> NCR uniform (Bandolier)
-> NCR uniform (Mantle) 
-> NCR ranger patrol armour
-> NCR Salvage Power Armour
********************
-----------------------------

Planned:
All done!

Any suggestions! Please!

I'm  a busy guy but I will update this when every I can.

Any issues, bugs, addtions feel free to comment!

</description>
</ModMetaData>