<?xml version="1.0" encoding="utf-8" ?>
<Defs>

<ThingDef ParentName="ApparelMakeableBase" > <!-- <Name="NCR_Uniform"> -->
<defName>Apparel_NCRUniform</defName>
		<label>NCR Uniform</label>
		<description>A shirt and trousers uniform worn by NCR soldiers. The chest plate provides basic protection from low caliber rounds such as 22. or 9mm</description>
		<graphicData>
			<texPath>Things/Pawn/Humanlike/Apparel/NCR/NcrUniform</texPath>
			<graphicClass>Graphic_Single</graphicClass>
		</graphicData>
		<costStuffCount>70</costStuffCount>
		<stuffCategories>
			<li>Fabric</li>
			<li>Leathery</li>
		</stuffCategories>
		<tradeability>Sellable</tradeability>
		<statBases>
			<MaxHitPoints>100</MaxHitPoints>
			<WorkToMake>1800</WorkToMake>
			<Mass>1.5</Mass>
      <ArmorRating_Sharp>0.60</ArmorRating_Sharp>
    <StuffEffectMultiplierInsulation_Cold>0.60</StuffEffectMultiplierInsulation_Cold>
    <StuffEffectMultiplierInsulation_Heat>0.85</StuffEffectMultiplierInsulation_Heat>
	   <EquipDelay>1.5</EquipDelay>
		</statBases>
		<thingCategories>
			<li>Apparel</li>
		</thingCategories>
		<apparel>
			<bodyPartGroups>
				<li>Torso</li>
				<li>Legs</li>
				<li>Neck</li>
			</bodyPartGroups>
			<wornGraphicPath>Things/Pawn/Humanlike/Apparel/NCR/NcrUniform</wornGraphicPath>
			<layers>
				<li>OnSkin</li>
			</layers>
			<tags>
				<li>IndustrialBasic</li>
			</tags>
		</apparel>
		<recipeMaker>
			<recipeUsers>
				<li>ElectricTailoringBench</li>
				<li>HandTailoringBench</li>
			</recipeUsers>
		</recipeMaker>
	</ThingDef>
	<!-- Military police outfit -->
<ThingDef ParentName="ApparelMakeableBase" > <!-- <Name="NCR_Uniform"> -->
<defName>Apparel_NCRUniformMP</defName>
		<label>Military police NCR Uniform</label>
		<description>Similar to the standard NCR uniform the Military police uniform has no chest plate opting for a less miliatrised look for civil engagments.</description>
		<graphicData>
			<texPath>Things/Pawn/Humanlike/Apparel/NCR/NcrUniformMP</texPath>
			<graphicClass>Graphic_Single</graphicClass>
		</graphicData>
		<costStuffCount>70</costStuffCount>
		<stuffCategories>
			<li>Fabric</li>
			<li>Leathery</li>
		</stuffCategories>
		<tradeability>Sellable</tradeability>
		<statBases>
			<MaxHitPoints>100</MaxHitPoints>
			<WorkToMake>1800</WorkToMake>
			<Mass>0.8</Mass>
      <ArmorRating_Sharp>0.40</ArmorRating_Sharp>
    <StuffEffectMultiplierInsulation_Cold>0.50</StuffEffectMultiplierInsulation_Cold>
    <StuffEffectMultiplierInsulation_Heat>0.90</StuffEffectMultiplierInsulation_Heat>
	   <EquipDelay>1.5</EquipDelay>
		</statBases>	
		<equippedStatOffsets> 
		<SocialImpact>0.10</SocialImpact>
			</equippedStatOffsets>	
		<thingCategories>		
			<li>Apparel</li>		
		</thingCategories>
		<apparel>
			<bodyPartGroups>
				<li>Torso</li>
				<li>Legs</li>
				<li>Neck</li>
			</bodyPartGroups>
			<wornGraphicPath>Things/Pawn/Humanlike/Apparel/NCR/NcrUniformMP</wornGraphicPath>
			<layers>
				<li>OnSkin</li>
			</layers>
			<tags>
				<li>IndustrialBasic</li>
			</tags>
		</apparel>
		<recipeMaker>
			<recipeUsers>
				<li>ElectricTailoringBench</li>
				<li>HandTailoringBench</li>
			</recipeUsers>
		</recipeMaker>
	</ThingDef>
	<!-- NCR uniform Ammo -->
<ThingDef ParentName="ApparelMakeableBase" > 
<defName>Apparel_NCRUniformBandolier</defName>
		<label>NCR Uniform (Bandolier)</label>
		<description>A shirt and trousers uniform worn by NCR soldiers. The chest plate provides basic protection from low caliber rounds such as 22. or 9mm. This version has an atached Bandolier to store ammunition.</description>
		<graphicData>
			<texPath>Things/Pawn/Humanlike/Apparel/NCR/NcrUniformBan</texPath>
			<graphicClass>Graphic_Single</graphicClass>
		</graphicData>
		<costStuffCount>80</costStuffCount>
		<stuffCategories>
			<li>Fabric</li>
			<li>Leathery</li>
		</stuffCategories>
		<tradeability>Sellable</tradeability>
		<statBases>
			<MaxHitPoints>110</MaxHitPoints>
			<WorkToMake>2000</WorkToMake>
			<Mass>2.0</Mass>
      <ArmorRating_Sharp>0.60</ArmorRating_Sharp>
    <StuffEffectMultiplierInsulation_Cold>0.60</StuffEffectMultiplierInsulation_Cold>
    <StuffEffectMultiplierInsulation_Heat>0.85</StuffEffectMultiplierInsulation_Heat>
	   <EquipDelay>1.7</EquipDelay>
		</statBases>
		<equippedStatOffsets>
		<!-- <CarryBulk>10</CarryBulk> --> 
		<CarryingCapacity>10</CarryingCapacity>
		</equippedStatOffsets>
		<thingCategories>
			<li>Apparel</li>
		</thingCategories>
		<apparel>
			<bodyPartGroups>
				<li>Torso</li>
				<li>Legs</li>
				<li>Neck</li>
			</bodyPartGroups>
			<wornGraphicPath>Things/Pawn/Humanlike/Apparel/NCR/NcrUniformBan</wornGraphicPath>
			<layers>
				<li>OnSkin</li>
			</layers>
			<tags>
				<li>IndustrialBasic</li>    
			</tags>
		</apparel>
		<recipeMaker>
			<recipeUsers>
				<li>ElectricTailoringBench</li>
				<li>HandTailoringBench</li>
			</recipeUsers>
		</recipeMaker>
	</ThingDef>
		<!-- Cape -->	
	<ThingDef ParentName="ApparelMakeableBase" > 
	<defName>Apparel_NCRUniformCaped</defName>
		<label>NCR Uniform (mantle)</label>
		<description>A shirt and trousers uniform worn by NCR soldiers. The chest plate provides basic protection from low caliber rounds such as 22. or 9mm. This version is distinguished by a camouflaged cloth wrapped around the user's shoulder. It is often seen being worn by officers but is also worn by NCO's (Sergeants and Corporals).</description>
		<graphicData>
			<texPath>Things/Pawn/Humanlike/Apparel/NCR/NcrUniformCAPE</texPath>
			<graphicClass>Graphic_Single</graphicClass>
		</graphicData>
		<costStuffCount>75</costStuffCount>
		<stuffCategories>
			<li>Fabric</li>
			<li>Leathery</li>
		</stuffCategories>
		<tradeability>Sellable</tradeability>
		<statBases>
			<MaxHitPoints>100</MaxHitPoints>
			<WorkToMake>1800</WorkToMake>
			<Mass>1.7</Mass>
      <ArmorRating_Sharp>0.60</ArmorRating_Sharp>
    <StuffEffectMultiplierInsulation_Cold>0.60</StuffEffectMultiplierInsulation_Cold>
    <StuffEffectMultiplierInsulation_Heat>0.85</StuffEffectMultiplierInsulation_Heat>
	   <EquipDelay>1.6</EquipDelay>
		</statBases>
		<equippedStatOffsets> 
		<SocialImpact>0.12</SocialImpact>
		<PainShockThreshold>0.05</PainShockThreshold>
		</equippedStatOffsets>	
		<thingCategories>
			<li>Apparel</li>
		</thingCategories>
		<apparel>
			<bodyPartGroups>
				<li>Torso</li>
				<li>Legs</li>
				<li>Shoulders</li>
				<li>Neck</li>
			</bodyPartGroups>
			<wornGraphicPath>Things/Pawn/Humanlike/Apparel/NCR/NcrUniformCAPE</wornGraphicPath>
			<layers>
				<li>OnSkin</li>
			</layers>
			<tags>
				<li>IndustrialBasic</li>
			</tags>
		</apparel>
		<recipeMaker>
			<recipeUsers>
				<li>ElectricTailoringBench</li>
				<li>HandTailoringBench</li>
			</recipeUsers>
		</recipeMaker>
	</ThingDef>
			<!-- Ranger Patrol armour -->	
	<ThingDef ParentName="ApparelMakeableBase" > 
	<defName>Apparel_NcrUniformPatrol</defName>
		<label>NCR Ranger Patrol armour</label>
		<description>First created in 2051, the military-grade combat armor was designed to protect key sections of the human body from ballistic trauma with hard armored plates made from complex polymers and ceramics, with a flexible body suit interwoven with thermal-dissipative membranes and bulletproof material.Worn By NCR rangers for patrol purposes.</description>
		<graphicData>
			<texPath>Things/Pawn/Humanlike/Apparel/NCR/NcrUniformPatrol</texPath>
			<graphicClass>Graphic_Single</graphicClass>
			<shaderType>CutoutComplex</shaderType>
		</graphicData>
		<costStuffCount>100</costStuffCount>
		<stuffCategories>
			<li>Fabric</li>
			<li>Leathery</li>
		</stuffCategories>
		<tradeability>Sellable</tradeability>
		<statBases>
			<MaxHitPoints>150</MaxHitPoints>
			<WorkToMake>3800</WorkToMake>
			<Mass>1.7</Mass>
     <!-- <ArmorRating_Sharp>0.60</ArmorRating_Sharp> -->
	       <StuffEffectMultiplierArmor>0.53</StuffEffectMultiplierArmor>
    <StuffEffectMultiplierInsulation_Cold>0.30</StuffEffectMultiplierInsulation_Cold>
    <StuffEffectMultiplierInsulation_Heat>0.65</StuffEffectMultiplierInsulation_Heat>
	   <EquipDelay>1.6</EquipDelay>
		</statBases>
		<equippedStatOffsets> 
		<PainShockThreshold>0.05</PainShockThreshold>
		</equippedStatOffsets>	
		<thingCategories>
			<li>Apparel</li>
		</thingCategories>
		<apparel>
			<bodyPartGroups>
       <li>Torso</li>
        <li>Neck</li>
        <li>Shoulders</li>
        <li>Arms</li>
        <li>Legs</li>
			</bodyPartGroups>
			
			<wornGraphicPath>Things/Pawn/Humanlike/Apparel/NCR/NcrUniformPatrol</wornGraphicPath>
			<layers>
        <li>Shell</li>
			</layers>
			<tags>
				<li>IndustrialBasic</li>
			</tags>
		</apparel>
		<recipeMaker>
			<recipeUsers>
				<li>ElectricTailoringBench</li>
				<li>HandTailoringBench</li>
			</recipeUsers>
		</recipeMaker>
	</ThingDef>	
				<!-- Salvage Power Armour -->	
	<ThingDef ParentName="ApparelMakeableBase" > 
	<defName>Apparel_NcrSalvagedPowerArmour</defName>
		<label>NCR Salvaged Power Armour</label>
		<description>NCR salvaged power armor is T-45d power armor recovered by the NCR during the NCR-Brotherhood War. NCR technicians stripped out the servomotors and replaced the rad scrubbers with a custom air conditioning module, allowing it to be used by soldiers without the need of Power Armor Training.</description>
		<graphicData>
			<texPath>Things/Pawn/Humanlike/Apparel/NCR/Current_Workon/NcrSlavArmour</texPath>
			<graphicClass>Graphic_Single</graphicClass>
			<shaderType>CutoutComplex</shaderType>
		</graphicData>
		<costList>
			<ComponentIndustrial>2</ComponentIndustrial>
			<Steel>100</Steel>
		</costList>
		<statBases>
			<MaxHitPoints>350</MaxHitPoints>
			<WorkToMake>40000</WorkToMake>
			<Mass>10</Mass>
			<Flammability>0.4</Flammability>
			<ArmorRating_Sharp>0.86</ArmorRating_Sharp>
			<ArmorRating_Blunt>0.35</ArmorRating_Blunt>
			<ArmorRating_Heat>0.34</ArmorRating_Heat>
			<Insulation_Cold>26</Insulation_Cold>
			<Insulation_Heat>16</Insulation_Heat>
			<EquipDelay>15</EquipDelay> 
		</statBases>
		<equippedStatOffsets> 
			<MoveSpeed>-0.15</MoveSpeed>
		</equippedStatOffsets>	
		<thingCategories>
			<li>Apparel</li>
		</thingCategories>
		<apparel>
			<bodyPartGroups>
       <li>Torso</li>
        <li>Neck</li>
        <li>Shoulders</li>
        <li>Arms</li>
        <li>Legs</li>
		<li>Feet</li>
			</bodyPartGroups>
			<wornGraphicPath>Things/Pawn/Humanlike/Apparel/NCR/Current_Workon/NcrSlavArmour</wornGraphicPath>
			<layers>
        <li>Shell</li>
			</layers>
			<tags>
				<li>IndustrialBasic</li>
				<li>IndustrialMilitary</li>
			</tags>
		</apparel>
		<recipeMaker>
			<recipeUsers>
				<li>TableMachining</li>
			</recipeUsers>
			<skillRequirements>
				<Crafting>7</Crafting>
			</skillRequirements>
			</recipeMaker>
	</ThingDef>	
	
	
<!-- OFFFICER & NO AMOUR eeeeeeeeeeeeeeeeeeeeeeeeeee -->
	<!-- General Lee kit -->
<ThingDef ParentName="ApparelMakeableBase" > 
<defName>Apparel_NCRgeneralLee</defName>
		<label>General Lee Oliver's Uniform</label>
		<description>This is General Lee Oliver's uniform. Identical to a standard NCR general uniform apart from worn by General Lee himself!</description>
		<graphicData>
			<texPath>Things/Pawn/Humanlike/Apparel/NCR/NcrLee</texPath>
			<graphicClass>Graphic_Single</graphicClass>
		</graphicData>
		<costStuffCount>50</costStuffCount>
		<stuffCategories>
			<li>Fabric</li>
			<li>Leathery</li>
		</stuffCategories>
		<tradeability>Sellable</tradeability>
		<statBases>
			<MaxHitPoints>100</MaxHitPoints>
			<WorkToMake>1800</WorkToMake>
			<Mass>0.8</Mass>
      <ArmorRating_Sharp>0.10</ArmorRating_Sharp>
    <StuffEffectMultiplierInsulation_Cold>0.30</StuffEffectMultiplierInsulation_Cold>
    <StuffEffectMultiplierInsulation_Heat>0.90</StuffEffectMultiplierInsulation_Heat>
	   <EquipDelay>1.0</EquipDelay>
		</statBases>
		<equippedStatOffsets>
		<SocialImpact>0.20</SocialImpact>
		</equippedStatOffsets>
		<thingCategories>	
			<li>Apparel</li>
		</thingCategories>
		<apparel>
			<bodyPartGroups>
				<li>Torso</li>
				<li>Legs</li>
			</bodyPartGroups>
			<wornGraphicPath>Things/Pawn/Humanlike/Apparel/NCR/NcrLee</wornGraphicPath>
			<layers>
				<li>OnSkin</li>
			</layers>
			<tags>
				<li>IndustrialBasic</li>
			</tags>
		</apparel>
		<!--    <colorGenerator Class="ColorGenerator_Options">
      <options>
        <li>
          <only>(0.33,0.33,0.33)</only>
        </li>
		</colorGenerator> 
		-->
		<recipeMaker>
			<recipeUsers>
				<li>ElectricTailoringBench</li>
				<li>HandTailoringBench</li>
			</recipeUsers>
		</recipeMaker>
	</ThingDef>
</Defs>