<?xml version="1.0" encoding="utf-8" ?>
<Defs>
<ThingDef ParentName="ArmorHelmetMakeableBase" Name="NCR_Helmet">
<!-- NCR helmet normal!-->
    <defName>Apparel_NCRHelmet</defName>
    <label>Trooper helmet</label>
    <description>A dully-colored helmet with a pair of goggles located on the brim of the helmet, along with a card on the right side. It has a very rough "mass produced" look to it, as it is issued to all NCR soldiers.</description>
    <graphicData>
      <texPath>Things/Pawn/Humanlike/Apparel/NCR/NcrHelmtrooper</texPath>
      <graphicClass>Graphic_Single</graphicClass>
    </graphicData>
    <stuffCategories>
      <li>Metallic</li>
    </stuffCategories>
		<costStuffCount>30</costStuffCount>
		<statBases>
			<WorkToMake>2000</WorkToMake>
			<MaxHitPoints>100</MaxHitPoints>
			<Mass>2</Mass>
      <StuffEffectMultiplierArmor>0.5</StuffEffectMultiplierArmor>
      <StuffEffectMultiplierInsulation_Cold>0.11</StuffEffectMultiplierInsulation_Cold>
      <StuffEffectMultiplierInsulation_Heat>0.01</StuffEffectMultiplierInsulation_Heat>
      <EquipDelay>1.3</EquipDelay>
    </statBases>
    <recipeMaker>
      <recipeUsers>
        <li>ElectricSmithy</li>
        <li>FueledSmithy</li>
      </recipeUsers>
      <skillRequirements>
        <Crafting>3</Crafting>
      </skillRequirements>
    </recipeMaker>
		<apparel>
      <bodyPartGroups>
        <li>UpperHead</li>
      </bodyPartGroups>
      <wornGraphicPath>Things/Pawn/Humanlike/Apparel/NCR/NcrHelmtrooper</wornGraphicPath>
      <layers>
        <li>Overhead</li>
      </layers>
      <tags>
        <li>IndustrialMilitaryBasic</li>
      </tags>
      <defaultOutfitTags>
        <li>Soldier</li>
      </defaultOutfitTags>
    </apparel>
  </ThingDef>

<!-- NCR helmet normal MP! -->
  <ThingDef ParentName="ArmorHelmetMakeableBase" Name="NCR_HelmetMP">
    <defName>Apparel_NCRHelmetMP</defName>
    <label>MP Trooper helmet</label>
    <description>A dully-colored helmet with a pair of goggles located on the brim of the helmet, along with a card on the right side. It has a very rough "mass produced" look to it. This helmet is dark grey with "MP" marked in white it shown the owner as a military policeman. Weather protection removed for extra protection plates for riot control</description>
    <graphicData>
      <texPath>Things/Pawn/Humanlike/Apparel/NCR/NcrHelmMP</texPath>
      <graphicClass>Graphic_Single</graphicClass>
    </graphicData>
    <stuffCategories>
      <li>Metallic</li>
    </stuffCategories>
		<costStuffCount>30</costStuffCount>
		<statBases>
			<WorkToMake>2050</WorkToMake>
			<MaxHitPoints>120</MaxHitPoints>
			<Mass>3</Mass>
      <StuffEffectMultiplierArmor>0.6</StuffEffectMultiplierArmor>
      <StuffEffectMultiplierInsulation_Cold>0.09</StuffEffectMultiplierInsulation_Cold>
      <StuffEffectMultiplierInsulation_Heat>0.01</StuffEffectMultiplierInsulation_Heat>
      <EquipDelay>1.5</EquipDelay>
    </statBases>
    <recipeMaker>
      <recipeUsers>
        <li>ElectricSmithy</li>
        <li>FueledSmithy</li>
      </recipeUsers>
      <skillRequirements>
        <Crafting>3</Crafting>
      </skillRequirements>
    </recipeMaker>
	    <equippedStatOffsets>
      <SocialImpact>0.05</SocialImpact>
    </equippedStatOffsets>
		<apparel>
      <bodyPartGroups>
        <li>UpperHead</li>
      </bodyPartGroups>
      <wornGraphicPath>Things/Pawn/Humanlike/Apparel/NCR/NcrHelmMP</wornGraphicPath>
      <layers>
        <li>Overhead</li>
      </layers>
      <tags>
        <li>IndustrialMilitaryBasic</li>
      </tags>
      <defaultOutfitTags>
        <li>Soldier</li>
      </defaultOutfitTags>
    </apparel>
  </ThingDef>
  <!-- NCR Ranger helmet -->
  <ThingDef ParentName="ArmorHelmetMakeableBase" Name="NCR_HelmetRanger">
    <defName>Apparel_NCRRangerHelmet</defName>
    <label>NCR Ranger Helmet</label>
    <description>A military-grade helmet with built-in low light optics, a combination IR/white light lamp and gas mask. worn by the NCR ranger and their precursor the Desert Rangers.</description>
    <graphicData>
      <texPath>Things/Pawn/Humanlike/Apparel/NCR/NcrHelmRanger</texPath>
      <graphicClass>Graphic_Single</graphicClass>
    </graphicData>
    <stuffCategories>
      <li>Metallic</li>
    </stuffCategories>
		<costStuffCount>30</costStuffCount>
		<statBases>
			<WorkToMake>2050</WorkToMake>
			<MaxHitPoints>120</MaxHitPoints>
			<Mass>3</Mass>
      <ArmorRating_Sharp>1.00</ArmorRating_Sharp>
      <ArmorRating_Blunt>0.36</ArmorRating_Blunt>
      <ArmorRating_Heat>0.9</ArmorRating_Heat>
      <Insulation_Cold>4</Insulation_Cold>
      <Insulation_Heat>2</Insulation_Heat>
      <EquipDelay>4</EquipDelay>
    </statBases>
    <recipeMaker>
      <recipeUsers>
        <li>ElectricSmithy</li>
        <li>FueledSmithy</li>
      </recipeUsers>
      <skillRequirements>
        <Crafting>3</Crafting>
      </skillRequirements>
    </recipeMaker>
	    <equippedStatOffsets>
      <SocialImpact>0.05</SocialImpact>	  
	  <PsychicSensitivity>-0.25</PsychicSensitivity>
    </equippedStatOffsets>
		<apparel>
      <bodyPartGroups>
      <li>FullHead</li>
      </bodyPartGroups>
      <wornGraphicPath>Things/Pawn/Humanlike/Apparel/NCR/NcrHelmRanger</wornGraphicPath>
      <layers>
        <li>Overhead</li>
      </layers>
      <tags>
        <li>IndustrialMilitaryBasic</li>
      </tags>
      <defaultOutfitTags>
        <li>Soldier</li>
      </defaultOutfitTags>
    </apparel>
  </ThingDef>
  <!--- Power armour Helemet !-->
    <ThingDef ParentName="ArmorHelmetMakeableBase" Name="NCR_SalavagePowerHelmet">
    <defName>Apparel_NCRSalavagePowerHelmet</defName>
    <label>NCR Power Armour Helmet</label>
    <description>Repair and reused T-45 power armour helemet with the advance servos remove to allow the user to wear without training. However this make the helmet heavy, cumbersome but able to survive hell.</description>
    <graphicData>
      <texPath>Things/Pawn/Humanlike/Apparel/NCR/NcrHelmSalv</texPath>
      <graphicClass>Graphic_Single</graphicClass>
    </graphicData>
		<costList>		
	<ComponentIndustrial>1</ComponentIndustrial>
			<Steel>60</Steel>
		</costList>
	<statBases>
			<WorkToMake>17000</WorkToMake>
			<MaxHitPoints>200</MaxHitPoints>
			<Mass>5</Mass>
			<Flammability>0.4</Flammability>
			<ArmorRating_Sharp>0.74</ArmorRating_Sharp>
			<ArmorRating_Blunt>0.3</ArmorRating_Blunt>
			<ArmorRating_Heat>0.7</ArmorRating_Heat>
			<Insulation_Cold>2</Insulation_Cold>
			<Insulation_Heat>4</Insulation_Heat>
			<EquipDelay>3</EquipDelay>
    </statBases>
    <recipeMaker>
      <recipeUsers>
	  	<li>TableMachining</li>
      </recipeUsers>
      <skillRequirements>
        <Crafting>6</Crafting>
      </skillRequirements>
    </recipeMaker>
	    <equippedStatOffsets>  
	  <ToxicSensitivity>-0.10</ToxicSensitivity>
    </equippedStatOffsets>
		<apparel>
      <bodyPartGroups>
      <li>FullHead</li>
      </bodyPartGroups>
      <wornGraphicPath>Things/Pawn/Humanlike/Apparel/NCR/NcrHelmSalv</wornGraphicPath>
      <layers>
        <li>Overhead</li>
      </layers>
      <tags>
        <li>IndustrialMilitaryBasic</li>
      </tags>
      <defaultOutfitTags>
        <li>Soldier</li>
      </defaultOutfitTags>
    </apparel>
  </ThingDef>
<!-- General olivers hat! Bloody officer! -->
<ThingDef ParentName="HatMakeableBase" Name="NCR_GeneralOliverHat">

    <defName>Apparel_NCRGeneralOliverHat</defName>
    <label>General Oliver's Cap</label>
    <description>The Cap of General Lee Oliver.A commanding officer of the New California Republic Army in the Mojave Wasteland in 2281.Who knows how you got it!?</description>
    <recipeMaker>
      <researchPrerequisite>ComplexClothing</researchPrerequisite>
    </recipeMaker>
    <graphicData>
      <texPath>Things/Pawn/Humanlike/Apparel/NCR/NcrHelmcap</texPath>
      <graphicClass>Graphic_Single</graphicClass>
    </graphicData>
    <costStuffCount>50</costStuffCount>
    <stuffCategories>
      <li>Fabric</li>
    </stuffCategories>
    <statBases>
      <WorkToMake>1000</WorkToMake>
      <Mass>0.20</Mass>
      <StuffEffectMultiplierArmor>0.01</StuffEffectMultiplierArmor>
      <StuffEffectMultiplierInsulation_Cold>0.40</StuffEffectMultiplierInsulation_Cold>
      <StuffEffectMultiplierInsulation_Heat>0.70</StuffEffectMultiplierInsulation_Heat>
      <EquipDelay>0.4</EquipDelay>
    </statBases>
    <equippedStatOffsets>
      <SocialImpact>0.25</SocialImpact>
	  <ShootingAccuracyPawn>0.20</ShootingAccuracyPawn>
    </equippedStatOffsets>
    <apparel>
      <bodyPartGroups>
        <li>UpperHead</li>
      </bodyPartGroups>
      <wornGraphicPath>Things/Pawn/Humanlike/Apparel/NCR/NcrHelmcap</wornGraphicPath>
	   <!-- <drawSize>0.50</drawSize> -->
      <layers>
        <li>Overhead</li>
      </layers>
      <tags>
        <li>IndustrialBasic</li>
      </tags>
      <defaultOutfitTags>
        <li>Worker</li>
      </defaultOutfitTags>
    </apparel>
	</ThingDef>
	<!-- NCR beret (standard) -->
<ThingDef ParentName="HatMakeableBase" Name="NCR_Beret">

    <defName>Apparel_NCRberet</defName>
    <label>NCR Beret</label>
    <description>A beret is a soft round cap, usually of wool felt, with a flat crown that tilts to one side. The New California Republic use green berets to identify officers of the New California Republic Army.</description>
    <recipeMaker>
      <researchPrerequisite>ComplexClothing</researchPrerequisite>
    </recipeMaker>
    <graphicData>
      <texPath>Things/Pawn/Humanlike/Apparel/NCR/NcrHelmBeret</texPath>
      <graphicClass>Graphic_Single</graphicClass>
    </graphicData>
    <costStuffCount>25</costStuffCount>
    <stuffCategories>
      <li>Fabric</li>
    </stuffCategories>
    <statBases>
      <WorkToMake>1000</WorkToMake>
      <Mass>0.20</Mass>
      <StuffEffectMultiplierArmor>0.00</StuffEffectMultiplierArmor>
      <StuffEffectMultiplierInsulation_Cold>0.50</StuffEffectMultiplierInsulation_Cold>
      <StuffEffectMultiplierInsulation_Heat>0.50</StuffEffectMultiplierInsulation_Heat>
      <EquipDelay>0.4</EquipDelay>
    </statBases>
    <equippedStatOffsets>
      <SocialImpact>0.10</SocialImpact>
	  <PsychicSensitivity>-0.12</PsychicSensitivity>
    </equippedStatOffsets>
    <apparel>
      <bodyPartGroups>
        <li>UpperHead</li>
      </bodyPartGroups>
      <wornGraphicPath>Things/Pawn/Humanlike/Apparel/NCR/NcrHelmBeret</wornGraphicPath>
      <layers>
        <li>Overhead</li>
      </layers>
      <tags>
        <li>IndustrialBasic</li>
      </tags>
      <defaultOutfitTags>
        <li>Worker</li>
      </defaultOutfitTags>
    </apparel>
	</ThingDef>
		<!-- NCR beret (1st Recon) -->
<ThingDef ParentName="HatMakeableBase" Name="NCR_Beret1stRecon">

    <defName>Apparel_NCRberet1stRecon</defName>
    <label>NCR Beret (1st Recon)</label>
    <description>A beret is a soft round cap, usually of wool felt, with a flat crown that tilts to one side. The New California Republic use Red to identify the 1st Recon unit. An elite sniping regiment.</description>
    <recipeMaker>
      <researchPrerequisite>ComplexClothing</researchPrerequisite>
    </recipeMaker>
    <graphicData>
      <texPath>Things/Pawn/Humanlike/Apparel/NCR/NcrReconBeret</texPath>
      <graphicClass>Graphic_Single</graphicClass>
    </graphicData>
    <costStuffCount>30</costStuffCount>
    <stuffCategories>
      <li>Fabric</li>
    </stuffCategories>
    <statBases>
      <WorkToMake>1550</WorkToMake>
      <Mass>0.30</Mass>
      <StuffEffectMultiplierArmor>0.00</StuffEffectMultiplierArmor>
      <StuffEffectMultiplierInsulation_Cold>0.50</StuffEffectMultiplierInsulation_Cold>
      <StuffEffectMultiplierInsulation_Heat>0.50</StuffEffectMultiplierInsulation_Heat>
      <EquipDelay>0.4</EquipDelay>
    </statBases>
    <equippedStatOffsets>
      <SocialImpact>0.30</SocialImpact>
	  <ShootingAccuracyPawn>0.20</ShootingAccuracyPawn>
    </equippedStatOffsets>
    <apparel>
      <bodyPartGroups>
        <li>UpperHead</li>
      </bodyPartGroups>
      <wornGraphicPath>Things/Pawn/Humanlike/Apparel/NCR/NcrReconBeret</wornGraphicPath>
      <layers>
        <li>Overhead</li>
      </layers>
      <tags>
        <li>IndustrialBasic</li>
      </tags>
      <defaultOutfitTags>
        <li>Worker</li>
      </defaultOutfitTags>
    </apparel>
	</ThingDef>
	<!-- NCR NcrHatRanger -->
	<ThingDef ParentName="HatMakeableBase" Name="NCR_RangerHat">
	
    <defName>Apparel_NCRRangerHat</defName>
    <label>NCR Ranger Hat</label>
    <description>A campaign cover, also known as a "lemon squeezer" (Thats not true btw) that is standard-issue to NCR patrol rangers. It is worn together as part of a uniform alongside NCR Ranger patrol armor.</description>
    <recipeMaker>
      <researchPrerequisite>ComplexClothing</researchPrerequisite>
    </recipeMaker>
    <graphicData>
      <texPath>Things/Pawn/Humanlike/Apparel/NCR/NcrHatRanger</texPath>
      <graphicClass>Graphic_Single</graphicClass>
    </graphicData>
    <costStuffCount>50</costStuffCount>
    <stuffCategories>
      <li>Fabric</li>
    </stuffCategories>
    <statBases>
      <WorkToMake>1800</WorkToMake>
      <Mass>0.20</Mass>
      <StuffEffectMultiplierArmor>0.02</StuffEffectMultiplierArmor>
      <StuffEffectMultiplierInsulation_Cold>0.10</StuffEffectMultiplierInsulation_Cold>
      <StuffEffectMultiplierInsulation_Heat>0.50</StuffEffectMultiplierInsulation_Heat>
      <EquipDelay>1.0</EquipDelay>
    </statBases>
    <equippedStatOffsets>
      <SocialImpact>0.10</SocialImpact>
	   <MentalBreakThreshold>0.01</MentalBreakThreshold>
	  <ShootingAccuracyPawn>0.10</ShootingAccuracyPawn>
    </equippedStatOffsets>
    <apparel>
      <bodyPartGroups>
        <li>UpperHead</li>
      </bodyPartGroups>
      <wornGraphicPath>Things/Pawn/Humanlike/Apparel/NCR/NcrHatRanger</wornGraphicPath>
      <layers>
        <li>Overhead</li>
      </layers>
      <tags>
        <li>IndustrialBasic</li>
      </tags>
      <defaultOutfitTags>
        <li>Worker</li>
      </defaultOutfitTags>
    </apparel>
	</ThingDef>
</Defs>